meeting_id,email
1,bob.smith@example.com
1,carol.white@example.com
1,david.brown@example.com
2,carol.white@example.com
2,eva.martin@example.com
2,frank.wright@example.com
3,bob.smith@example.com
3,grace.hall@example.com
3,henry.allen@example.com
4,david.brown@example.com
4,isabel.scott@example.com
4,jack.lee@example.com
5,eva.martin@example.com
5,karen.walker@example.com
5,bob.smith@example.com
6,carol.white@example.com
6,david.brown@example.com
6,eva.martin@example.com
7,frank.wright@example.com
7,grace.hall@example.com
7,henry.allen@example.com
8,isabel.scott@example.com
8,jack.lee@example.com
8,karen.walker@example.com
9,bob.smith@example.com
9,carol.white@example.com
9,david.brown@example.com
10,eva.martin@example.com
10,frank.wright@example.com
10,grace.hall@example.com
11,henry.allen@example.com
11,isabel.scott@example.com
11,jack.lee@example.com
12,karen.walker@example.com
12,bob.smith@example.com
12,carol.white@example.com
13,david.brown@example.com
13,eva.martin@example.com
13,frank.wright@example.com
14,grace.hall@example.com
14,henry.allen@example.com
14,isabel.scott@example.com
15,jack.lee@example.com
15,karen.walker@example.com
15,bob.smith@example.com
16,carol.white@example.com
16,david.brown@example.com
16,eva.martin@example.com
17,frank.wright@example.com
17,grace.hall@example.com
17,henry.allen@example.com
18,isabel.scott@example.com
18,jack.lee@example.com
18,karen.walker@example.com
19,bob.smith@example.com
19,carol.white@example.com
19,david.brown@example.com
20,eva.martin@example.com
20,frank.wright@example.com
20,grace.hall@example.com
21,henry.allen@example.com
21,isabel.scott@example.com
21,jack.lee@example.com
22,karen.walker@example.com
22,bob.smith@example.com
22,carol.white@example.com
23,david.brown@example.com
23,eva.martin@example.com
23,frank.wright@example.com
24,grace.hall@example.com
24,henry.allen@example.com
24,isabel.scott@example.com
25,jack.lee@example.com
25,karen.walker@example.com
25,bob.smith@example.com
26,carol.white@example.com
26,david.brown@example.com
26,eva.martin@example.com
27,frank.wright@example.com
27,grace.hall@example.com
27,henry.allen@example.com
28,isabel.scott@example.com
28,jack.lee@example.com
28,karen.walker@example.com
29,bob.smith@example.com
29,carol.white@example.com
29,david.brown@example.com
30,eva.martin@example.com
30,frank.wright@example.com
30,grace.hall@example.com
31,henry.allen@example.com
31,isabel.scott@example.com
31,jack.lee@example.com
32,karen.walker@example.com
32,bob.smith@example.com
32,carol.white@example.com
33,david.brown@example.com
33,eva.martin@example.com
33,frank.wright@example.com
34,grace.hall@example.com
34,henry.allen@example.com
34,isabel.scott@example.com
35,jack.lee@example.com
35,karen.walker@example.com
35,bob.smith@example.com
36,carol.white@example.com
36,david.brown@example.com
36,eva.martin@example.com
37,frank.wright@example.com
37,grace.hall@example.com
37,henry.allen@example.com
38,isabel.scott@example.com
38,jack.lee@example.com
38,karen.walker@example.com
39,bob.smith@example.com
39,carol.white@example.com
39,david.brown@example.com
40,eva.martin@example.com
40,frank.wright@example.com
40,grace.hall@example.com
41,henry.allen@example.com
41,isabel.scott@example.com
41,jack.lee@example.com
42,karen.walker@example.com
42,bob.smith@example.com
42,carol.white@example.com
43,david.brown@example.com
43,eva.martin@example.com
43,frank.wright@example.com
44,grace.hall@example.com
44,henry.allen@example.com
44,isabel.scott@example.com
45,jack.lee@example.com
45,karen.walker@example.com
45,bob.smith@example.com
46,carol.white@example.com
46,david.brown@example.com
46,eva.martin@example.com
47,frank.wright@example.com
47,grace.hall@example.com
47,henry.allen@example.com
48,isabel.scott@example.com
48,jack.lee@example.com
48,karen.walker@example.com
49,bob.smith@example.com
49,carol.white@example.com
49,david.brown@example.com
50,eva.martin@example.com
50,frank.wright@example.com
50,grace.hall@example.com
